{
  "seq": "08",
  "n_frames": 500,
  "methods": {
    "KISS-ICP": {
      "ate_rmse": 2.9630089730429345,
      "ate_mean": 2.0278986194172517,
      "kitti_t_err": 134.99634471844266,
      "mean_ms": 26.2084939093329,
      "n_frames": 500,
      "device": "cpu"
    },
    "GICP-Baseline": {
      "ate_rmse": 3.0199082514262834,
      "ate_mean": 2.0990957871858664,
      "kitti_t_err": 134.91477463771218,
      "mean_ms": 345.84275622505,
      "n_frames": 500,
      "device": "cuda",
      "reg_ms": 181.90496174883629,
      "map_ms": 135.06159728172727
    },
    "IV-GICP": {
      "ate_rmse": 3.020292280528813,
      "ate_mean": 2.0993965585630305,
      "kitti_t_err": 134.91400459258261,
      "mean_ms": 350.4397629070579,
      "n_frames": 500,
      "device": "cuda",
      "reg_ms": 182.89043199465067,
      "map_ms": 138.21975140083947
    }
  }
}