{
  "seq": "08",
  "n_frames": 500,
  "methods": {
    "KISS-ICP": {
      "ate_rmse": 2.9630089730429354,
      "ate_mean": 2.02789861941725,
      "kitti_t_err": 134.99634471844266,
      "mean_ms": 80.11190849449486,
      "n_frames": 500,
      "device": "cpu"
    },
    "GICP-Baseline": {
      "ate_rmse": 3.0406180258910886,
      "ate_mean": 2.11044964526089,
      "kitti_t_err": 134.86562041853446,
      "mean_ms": 850.0962581416454,
      "n_frames": 500,
      "device": "cuda",
      "reg_ms": 762.4216514493979,
      "map_ms": 46.49034874300978
    },
    "IV-GICP": {
      "ate_rmse": 3.0403133237170112,
      "ate_mean": 2.109928434662247,
      "kitti_t_err": 134.86615220329156,
      "mean_ms": 874.8857724818146,
      "n_frames": 500,
      "device": "cuda",
      "reg_ms": 750.6345664076358,
      "map_ms": 83.18994080420129
    },
    "GenZ-ICP": {
      "ate_rmse": 2.979228610302294,
      "ate_mean": 2.0679939237066347,
      "kitti_t_err": 134.9446985549344,
      "mean_ms": NaN,
      "n_frames": 500,
      "device": "cpu"
    }
  }
}