{
  "seq": "00",
  "n_frames": 500,
  "methods": {
    "KISS-ICP": {
      "ate_rmse": 0.32031803263393294,
      "ate_mean": 0.2797218134607684,
      "kitti_t_err": 113.4085432279556,
      "mean_ms": 24.904234763234854,
      "n_frames": 500,
      "device": "cpu"
    },
    "GICP-Baseline": {
      "ate_rmse": 0.2978658897821025,
      "ate_mean": 0.27176541781193625,
      "kitti_t_err": 113.18826667833041,
      "mean_ms": 765.0699275900388,
      "n_frames": 500,
      "device": "cuda",
      "reg_ms": 702.2052222176013,
      "map_ms": 42.07255445207975
    },
    "IV-GICP": {
      "ate_rmse": 0.2985311421292259,
      "ate_mean": 0.2728216431525122,
      "kitti_t_err": 113.19864508305537,
      "mean_ms": 835.9019862635356,
      "n_frames": 500,
      "device": "cuda",
      "reg_ms": 728.7568801133062,
      "map_ms": 86.73838883795158
    },
    "GenZ-ICP": {
      "ate_rmse": 0.2782428761276653,
      "ate_mean": 0.24381363107358822,
      "kitti_t_err": 113.29168869878917,
      "mean_ms": NaN,
      "n_frames": 500,
      "device": "cpu"
    }
  }
}