{
  "seq": "00",
  "n_frames": 500,
  "methods": {
    "KISS-ICP": {
      "ate_rmse": 0.3203180326339277,
      "ate_mean": 0.2797218134607718,
      "kitti_t_err": 113.4085432279556,
      "mean_ms": 23.332272958476096,
      "n_frames": 500,
      "device": "cpu"
    },
    "GICP-Baseline": {
      "ate_rmse": 0.30253366734381865,
      "ate_mean": 0.2757266405510816,
      "kitti_t_err": 113.30544045734422,
      "mean_ms": 184.9901770411399,
      "n_frames": 500,
      "device": "cuda",
      "reg_ms": 102.88098829197426,
      "map_ms": 58.45099561595785
    },
    "IV-GICP": {
      "ate_rmse": 0.3009562767018594,
      "ate_mean": 0.2742235539314507,
      "kitti_t_err": 113.30455914936316,
      "mean_ms": 183.42031184107975,
      "n_frames": 500,
      "device": "cuda",
      "reg_ms": 101.7074357948727,
      "map_ms": 58.41848542885799
    }
  }
}