{
  "meta": {
    "seq": "Urban_Tunnel01",
    "bag": "/home/km/data/GEODE/sensor_data/Urban_tunnel/Urban_Tunnel01/Urban_Tunnel01.bag",
    "n_frames": 500,
    "duration_s": 49.89592409133911,
    "avg_pts_per_frame": 18647.694,
    "gt_path_m": 335.65927837997873,
    "gt_end_disp_m": 303.7785580354149
  },
  "methods": {
    "KISS-ICP": {
      "mean_ms": 7.110995120368898,
      "hz": 140.62729379965077,
      "path_length_m": 328.15209282915845,
      "end_displacement_m": 301.15309784948823,
      "ate_rmse_m": 3.22530582990255,
      "n_frames": 500
    },
    "IV-GICP": {
      "mean_ms": 1161.340456565129,
      "hz": 0.861073937747487,
      "reg_ms": 1021.7514958247572,
      "map_ms": 133.94442248066704,
      "path_length_m": 326.41629042034464,
      "end_displacement_m": 301.14834253156465,
      "ate_rmse_m": 3.7993139719980817,
      "n_frames": 500,
      "device": "cuda"
    },
    "GICP-Baseline": {
      "mean_ms": 1014.5693294664767,
      "hz": 0.9856398877402117,
      "reg_ms": 943.9717433527336,
      "map_ms": 61.74247397692176,
      "path_length_m": 322.5763831478964,
      "end_displacement_m": 301.4728724587799,
      "ate_rmse_m": 3.1850267590722505,
      "n_frames": 500,
      "device": "cuda"
    }
  }
}