{
  "meta": {
    "seq": "Shield_tunnel1_gamma",
    "bag": "/home/km/data/GEODE/sensor_data/Metro_tunnel/Shield_tunnel1_gamma/Shield_tunnel1_gamma.bag",
    "n_frames": 300,
    "duration_s": 29.899728775024414,
    "avg_pts_per_frame": 23683.926666666666,
    "gt_path_m": 28.345782528227062,
    "gt_end_disp_m": 28.130997794959267
  },
  "methods": {
    "KISS-ICP": {
      "mean_ms": 10.310993303234378,
      "hz": 96.98386669364993,
      "path_length_m": 35.686129109631835,
      "end_displacement_m": 0.7392177365687991,
      "ate_rmse_m": 9.111549191225896,
      "n_frames": 300
    },
    "IV-GICP": {
      "mean_ms": 119.10496962982477,
      "hz": 8.395955291437248,
      "path_length_m": 19.161771805557624,
      "end_displacement_m": 8.020149371250932,
      "ate_rmse_m": 6.249088363277198,
      "n_frames": 300,
      "device": "cuda"
    }
  }
}