{
  "seq": "05",
  "n_frames": 500,
  "methods": {
    "KISS-ICP": {
      "ate_rmse": 0.38014080109736453,
      "ate_mean": 0.3456573243102051,
      "kitti_t_err": 111.91693870321494,
      "mean_ms": 21.279896651394665,
      "n_frames": 500,
      "device": "cpu"
    },
    "GICP-Baseline": {
      "ate_rmse": 0.3751920393995659,
      "ate_mean": 0.3338345749544865,
      "kitti_t_err": 111.73273306081582,
      "mean_ms": 753.3020295057155,
      "n_frames": 500,
      "device": "cuda",
      "reg_ms": 688.6528471955107,
      "map_ms": 41.72089815658624
    },
    "IV-GICP": {
      "ate_rmse": 0.37623013518177345,
      "ate_mean": 0.33460408085093685,
      "kitti_t_err": 111.73259085370508,
      "mean_ms": 818.6183283124157,
      "n_frames": 500,
      "device": "cuda",
      "reg_ms": 709.4771972323632,
      "map_ms": 87.40900738168516
    },
    "GenZ-ICP": {
      "ate_rmse": 0.3245004478529251,
      "ate_mean": 0.29162472972070186,
      "kitti_t_err": 111.78150057049749,
      "mean_ms": NaN,
      "n_frames": 500,
      "device": "cpu"
    }
  }
}